Diet_type,Recipe_name,Calories,Protein,Carbs,Fat,Cuisine
Vegan,Vegan Moussaka,380,12,45,18,Mediterranean
Non-vegetarian,Tandoori Chicken,380,45,8,18,Indian
Vegetarian,Sopapillas,320,5,48,14,Mexican
Non-vegetarian,Chicken Chow Mein,480,28,55,18,Chinese
Vegan,Pico de Gallo,50,2,10,1,Mexican
Vegetarian,Cheese Ravioli,480,20,52,22,Italian
Vegan,Tofu Schezwan,350,18,28,20,Chinese
Vegan,Poha,250,6,42,8,Indian
Vegetarian,Bean Enchiladas,480,18,52,24,Mexican
Vegetarian,Idli with Chutney,250,8,45,4,Indian
Vegetarian,Veg Sweet and Sour,280,8,45,8,Chinese
Vegetarian,Pasta Primavera,450,15,65,16,Italian
Vegan,Bean Soup,260,14,40,6,Italian
Non-vegetarian,Sesame Chicken,480,28,42,26,Chinese
Vegetarian,Spring Rolls,320,8,40,15,Chinese
Non-vegetarian,Beef Bolognese,550,35,52,28,Italian
Vegan,Vegan Kebab,320,14,42,14,Mediterranean
Vegetarian,Veg Manchow Soup,180,6,25,8,Indian
Vegan,Vegetable Dumplings,280,10,40,10,Chinese
Non-vegetarian,Beef Kofta,480,35,12,32,Mediterranean
Vegan,Tabbouleh,180,5,28,8,Mediterranean
Non-vegetarian,Shrimp Risotto,520,30,52,24,Italian
Non-vegetarian,Fish Kebab,350,32,8,20,Mediterranean
Non-vegetarian,Prawn Curry,350,28,12,22,Indian
Vegan,Bharwa Bhindi,200,6,22,12,Indian
Non-vegetarian,Lamb Bhuna,500,38,10,35,Indian
Non-vegetarian,Fish Tacos,380,28,35,18,Mexican
Non-vegetarian,Lamb Gyro,520,35,40,32,Mediterranean
Non-vegetarian,Fish Tikka,280,32,8,14,Indian
Non-vegetarian,Lamb Rogan Josh,520,38,12,35,Indian
Vegan,White Bean Salad,280,14,38,10,Mediterranean
Non-vegetarian,Chicken Chettinad,450,38,12,28,Indian
Vegan,Steamed Bok Choy,120,5,12,6,Chinese
Vegetarian,Aloo Gobi,280,8,35,12,Indian
Non-vegetarian,Chicken Kofta,420,35,12,28,Mediterranean
Non-vegetarian,Chicken Saag,420,35,12,28,Indian
Vegetarian,Gnocchi with Pesto,480,12,55,24,Italian
Non-vegetarian,Dragon Chicken,480,30,32,28,Chinese
Non-vegetarian,Chicken Shawarma,480,38,25,28,Mediterranean
Vegetarian,Cheese Tostada,380,18,38,20,Mexican
Non-vegetarian,Fish Ball Soup,280,22,25,14,Chinese
Non-vegetarian,Chicken Tagine,420,35,25,24,Mediterranean
Vegan,Chana Masala,340,15,50,8,Indian
Vegetarian,Mexican Corn Salad,280,8,38,14,Mexican
Vegetarian,Paneer Butter Masala,450,18,25,32,Indian
Vegetarian,Kadai Paneer,480,22,20,35,Indian
Vegan,Vegan Burrito Bowl,420,16,58,14,Mexican
Non-vegetarian,Honey Garlic Shrimp,380,25,35,16,Chinese
Non-vegetarian,Fish Fry,320,32,12,18,Indian
Vegetarian,Vegetable Lasagna,480,20,48,26,Italian
Vegetarian,Greek Flatbread,380,14,45,20,Mediterranean
Vegetarian,Bean Chalupa,380,14,45,18,Mexican
Vegetarian,Halloumi Fries,380,20,28,26,Mediterranean
Vegetarian,Veg Wontons,280,8,38,12,Chinese
Vegetarian,Dhokla,180,8,30,4,Indian
Vegetarian,Cheese Fatayer,350,14,38,18,Mediterranean
Vegetarian,Halloumi Burger,480,24,38,30,Mediterranean
Non-vegetarian,Mixed Grill,550,45,12,38,Mediterranean
Vegan,Vegan Caesar Salad,280,10,22,18,Italian
Non-vegetarian,Beef Carpaccio,280,25,5,18,Italian
Non-vegetarian,Chicken Nachos,550,30,52,30,Mexican
Vegan,Toor Dal,250,16,38,4,Indian
Vegan,Hummus Bowl,380,14,42,18,Mediterranean
Non-vegetarian,Veal Marsala,480,35,18,30,Italian
Non-vegetarian,Chicken Souvlaki,380,35,12,22,Mediterranean
Vegan,Corn and Vegetable Soup,150,6,25,4,Chinese
Non-vegetarian,Grilled Prawns,320,28,5,18,Mediterranean
Non-vegetarian,Chicken Tikka Masala,520,38,20,32,Indian
Non-vegetarian,Seafood Risotto,520,32,50,22,Italian
Vegan,Vegan Risotto,420,10,58,16,Italian
Non-vegetarian,Seafood Tagine,420,35,25,22,Mediterranean
Vegan,Tofu Stir Fry,300,18,22,18,Chinese
Non-vegetarian,Fish Amritsari,350,28,22,20,Indian
Non-vegetarian,Fish Curry,380,35,15,22,Indian
Non-vegetarian,Chicken Shish,420,38,8,26,Mediterranean
Vegan,Olive Tapenade Crostini,220,5,28,12,Italian
Vegan,Marinara Pasta,380,12,62,10,Italian
Non-vegetarian,Mutton Biryani,620,35,55,32,Indian
Non-vegetarian,Lamb Curry,480,35,12,32,Indian
Vegan,Arugula Salad,180,5,12,14,Italian
Vegetarian,Vegetable Burrito,480,16,58,20,Mexican
Non-vegetarian,Beef Kebab,480,35,10,32,Mediterranean
Vegetarian,Pan Fried Noodles,420,10,58,16,Chinese
Vegan,Zucchini Fritters,250,8,28,14,Mediterranean
Non-vegetarian,Steak Burrito,580,38,55,30,Mexican
Vegetarian,Szechuan Fried Rice,440,12,65,16,Chinese
Vegan,Vegan Pozole,280,12,40,8,Mexican
Vegetarian,Feta Pasta,450,18,52,24,Mediterranean
Vegetarian,Paneer 65,380,18,25,26,Chinese
Non-vegetarian,Lasagna,620,35,48,35,Italian
Non-vegetarian,Shrimp Ceviche,220,25,12,8,Mexican
Non-vegetarian,Chicken Vindaloo,420,35,12,28,Indian
Non-vegetarian,Egg Curry,320,18,15,22,Indian
Vegan,Lentil Soup,280,18,38,6,Mediterranean
Vegetarian,Veg Korma,420,12,35,28,Indian
Vegetarian,Stuffed Grape Leaves,280,8,35,14,Mediterranean
Non-vegetarian,Chicken Burrito,550,35,55,26,Mexican
Vegetarian,Uttapam,290,9,48,8,Indian
Vegan,Falafel Plate,450,20,52,20,Mediterranean
Vegetarian,Cheese Taquitos,380,16,42,20,Mexican
Vegan,Veg Khichdi,320,12,52,8,Indian
Vegan,Vegan Tamales,380,12,52,14,Mexican
Vegetarian,Cheese Stuffed Shells,520,24,48,28,Italian
Vegan,Vegan Shawarma,380,15,48,16,Mediterranean
Non-vegetarian,Lamb Kebab,450,35,8,32,Mediterranean
Vegetarian,Cheese Flautas,420,18,42,24,Mexican
Vegetarian,Greek Pita,380,14,45,20,Mediterranean
Non-vegetarian,Chorizo Burrito,580,28,52,35,Mexican
Vegetarian,Masala Dosa,380,12,58,12,Indian
Vegetarian,Caprese Panini,420,18,42,22,Italian
Non-vegetarian,Chicken Manchurian,420,28,35,22,Chinese
Vegan,Grilled Corn Salad,220,6,35,10,Mexican
Vegan,Mushroom Fried Rice,400,12,60,14,Chinese
Vegan,Lauki Sabzi,140,4,20,5,Indian
Vegan,Vegan Sopes,350,12,48,14,Mexican
Vegan,Grilled Eggplant,150,4,18,8,Mediterranean
Non-vegetarian,Prosciutto Pizza,550,28,58,26,Italian
Non-vegetarian,Beef Shawarma,520,35,28,32,Mediterranean
Non-vegetarian,Meatball Sub,580,32,52,30,Italian
Vegetarian,Rigatoni,420,14,62,14,Italian
Non-vegetarian,Shrimp Saganaki,350,28,12,22,Mediterranean
Vegetarian,Cheese Manakish,420,18,45,22,Mediterranean
Vegetarian,Cheese Sope,380,16,42,20,Mexican
Vegetarian,Gobi Manchurian,320,8,38,16,Indian
Vegetarian,Cheese Pupusa,420,18,48,22,Mexican
Vegan,Vegan Biryani,420,12,65,14,Indian
Vegetarian,Paneer Do Pyaza,450,20,18,32,Indian
Vegetarian,Veg Lo Mein,420,12,62,14,Chinese
Vegan,Guacamole,250,4,18,22,Mexican
Vegetarian,Bean and Cheese Burrito,520,20,62,22,Mexican
Vegetarian,Nachos Supreme,620,22,55,38,Mexican
Vegan,Aloo Gobi Dry,200,6,28,10,Indian
Non-vegetarian,Spaghetti Bolognese,550,32,55,24,Italian
Vegetarian,Veg Kathi Roll,420,14,52,18,Indian
Vegetarian,Pav Bhaji,480,12,55,24,Indian
Non-vegetarian,Orange Chicken,520,28,55,22,Chinese
Non-vegetarian,Butter Chicken,550,35,18,38,Indian
Vegetarian,Mediterranean Salad,220,8,18,16,Mediterranean
Vegetarian,Cheese Borek,380,15,35,22,Mediterranean
Non-vegetarian,Chicken Malai Tikka,380,32,8,26,Indian
Vegan,Vegan Kung Pao,280,12,32,14,Chinese
Non-vegetarian,Seafood Platter,420,42,10,22,Mediterranean
Vegetarian,Paneer Bhurji,380,20,12,28,Indian
Vegan,Vegan Fajitas,300,10,38,14,Mexican
Vegetarian,Tzatziki with Pita,280,10,35,14,Mediterranean
Non-vegetarian,Chicken Satay,420,32,18,28,Chinese
Vegetarian,Chole Bhature,550,18,70,25,Indian
Vegetarian,Paneer Schezwan,420,18,28,28,Chinese
Vegan,Chana Dal,260,14,38,6,Indian
Vegetarian,Rajma Chawal,450,18,65,12,Indian
Vegan,Roasted Eggplant Dip,180,4,18,12,Mediterranean
Vegan,Black Bean Salad,280,14,38,10,Mexican
Vegetarian,Palak Paneer,420,20,18,28,Indian
Vegetarian,Tomato Basil Soup,180,6,25,6,Italian
Vegan,Mushroom Fajitas,280,10,32,14,Mexican
Vegan,Karela Sabzi,150,5,18,8,Indian
Vegetarian,Stir Fry Vegetables,200,6,25,8,Chinese
Vegan,Muhammara,250,6,22,18,Mediterranean
Non-vegetarian,Chicken Quesadilla,520,32,45,28,Mexican
Vegetarian,Paneer Lababdar,520,22,25,38,Indian
Vegan,Bean Tostadas,320,14,45,12,Mexican
Non-vegetarian,Chicken 65,380,28,22,24,Chinese
Vegetarian,Paneer Tikka Masala,480,24,22,32,Indian
Vegetarian,Samosa,350,8,45,16,Indian
Vegan,Vegetable Tagine,320,10,45,12,Mediterranean
Vegetarian,Tofu in Black Bean Sauce,320,18,20,20,Chinese
Vegan,Mushroom Matar,260,12,25,12,Indian
Vegan,Stir Fried Tofu,280,18,15,18,Chinese
Vegan,Quinoa Tabbouleh,320,10,48,12,Mediterranean
Vegetarian,Fried Tofu,280,18,12,20,Chinese
Vegetarian,Crispy Honey Chilli Potato,380,6,52,18,Chinese
Non-vegetarian,Chilli Chicken,450,32,28,26,Chinese
Non-vegetarian,Fish in Black Bean Sauce,350,30,15,20,Chinese
Vegan,Miso Soup,80,6,8,3,Chinese
Non-vegetarian,Chicken Enchiladas,550,35,42,28,Mexican
Non-vegetarian,Chicken Tinga,380,32,18,22,Mexican
Vegetarian,Feta Spinach Pie,420,18,32,28,Mediterranean
Vegetarian,Fettuccine Alfredo,580,18,55,35,Italian
Vegetarian,Vegetable Risotto,420,10,55,18,Italian
Vegan,Chickpea Stew,320,16,42,10,Mediterranean
Vegan,Szechuan Vegetables,200,8,22,10,Chinese
Vegan,Jackfruit Burrito,420,12,55,16,Mexican
Non-vegetarian,Chicken Biryani,580,32,55,28,Indian
Vegetarian,Spinach Lasagna,520,25,48,28,Italian
Non-vegetarian,Shrimp Lo Mein,450,25,52,18,Chinese
Non-vegetarian,Al Pastor,450,35,25,28,Mexican
Vegetarian,Halloumi Wrap,420,22,38,26,Mediterranean
Vegan,Mushroom Pasta Vegan,400,12,55,16,Italian
Vegetarian,Veg Dim Sum,280,10,38,10,Chinese
Vegan,Baba Ganoush,180,5,18,12,Mediterranean
Vegan,Edamame,190,17,14,8,Chinese
Non-vegetarian,Chicken Reshmi,450,35,15,30,Indian
Vegan,Vegetable Soup,120,5,18,4,Chinese
Vegetarian,Greek Salad with Feta,320,12,18,24,Mediterranean
Non-vegetarian,Tilapia Livornese,320,35,12,16,Italian
Non-vegetarian,Chicken Kadai,450,38,15,28,Indian
Vegan,Vegan Pesto Pasta,450,14,58,20,Italian
Non-vegetarian,Kung Pao Chicken,480,35,28,25,Chinese
Vegan,Lentil Soup Italian,280,16,42,5,Italian
Vegetarian,Vegetable Panini,380,14,45,18,Italian
Non-vegetarian,Chicken Korma,550,32,22,38,Indian
Vegetarian,Elote,320,8,42,16,Mexican
Non-vegetarian,Pork Carnitas,480,35,25,30,Mexican
Vegan,Couscous Salad,350,10,52,12,Mediterranean
Vegetarian,Veg Ball Manchurian,350,8,42,16,Chinese
Non-vegetarian,Beef Tostadas,450,32,38,28,Mexican
Non-vegetarian,Veal Scallopini,420,35,12,26,Italian
Vegan,Tomato Bruschetta,240,6,32,10,Italian
Vegetarian,Falafel with Hummus,420,18,45,22,Mediterranean
Non-vegetarian,Camarones al Mojo,350,28,15,22,Mexican
Vegetarian,Tortellini in Brodo,380,16,48,16,Italian
Vegan,Vegan Minestrone,200,8,32,5,Italian
Vegetarian,Italian Salad,280,12,18,20,Italian
Non-vegetarian,Chicken Fajitas,420,35,28,24,Mexican
Non-vegetarian,Osso Buco,550,42,15,35,Italian
Vegan,Vegetable Jalfrezi,220,8,28,10,Indian
Non-vegetarian,Chicken Dumpling,320,20,35,16,Chinese
Vegan,Eggplant in Chilli Sauce,220,6,25,12,Chinese
Vegan,Vegan Empanadas,350,10,48,14,Mexican
Vegan,Spaghetti Aglio e Olio,420,12,65,15,Italian
Vegetarian,Guacamole with Chips,380,6,35,28,Mexican
Vegetarian,Bean Taco,350,14,45,16,Mexican
Vegan,Palak Dal,260,14,35,8,Indian
Vegetarian,Mapo Tofu,350,20,18,24,Chinese
Vegan,Roasted Vegetable Pasta,400,10,58,14,Italian
Vegan,Vegan Gnocchi,420,10,58,16,Italian
Vegetarian,Malai Kofta,520,15,40,35,Indian
Vegan,Vegan Flautas,380,10,48,16,Mexican
Vegan,Sweet Potato Tacos,350,8,52,14,Mexican
Vegan,Mexican Bean Soup,280,16,42,6,Mexican
Vegan,Bean Sprout Stir Fry,150,8,15,8,Chinese
Vegan,Vegan Fried Rice,380,10,58,12,Chinese
Non-vegetarian,Szechuan Shrimp,320,28,12,18,Chinese
Vegetarian,Cheese Pastry,380,14,38,22,Mediterranean
Non-vegetarian,Schezwan Chicken,420,30,28,24,Chinese
Non-vegetarian,Shrimp Alfredo,550,32,50,30,Italian
Vegetarian,Veg Pulao,380,10,60,12,Indian
Non-vegetarian,Beef Fajitas,450,35,25,28,Mexican
Vegetarian,Hakka Noodles,480,12,70,16,Chinese
Non-vegetarian,Chicken Do Pyaza,420,35,15,26,Indian
Vegan,Bhindi Masala,180,6,20,8,Indian
Vegetarian,Churros,380,6,55,16,Mexican
Non-vegetarian,Chicken Fried Rice,520,28,60,20,Chinese
Non-vegetarian,Grilled Fish,320,38,5,16,Mediterranean
Non-vegetarian,Lamb Moussaka,580,32,35,38,Mediterranean
Non-vegetarian,Italian Meatballs,450,30,25,30,Italian
Vegetarian,Margherita Pizza,520,22,60,22,Italian
Non-vegetarian,Seafood Linguine,520,32,55,24,Italian
Vegan,Roasted Vegetable Tacos,320,10,42,14,Mexican
Vegan,Falafel Salad,350,16,38,18,Mediterranean
Non-vegetarian,Shrimp Tempura,380,22,35,22,Chinese
Non-vegetarian,Chicken Handi,480,35,18,32,Indian
Vegan,Clear Vegetable Soup,100,4,15,2,Chinese
Vegan,Mushroom Chilli,260,10,25,14,Chinese
Non-vegetarian,Grilled Lamb Chops,520,38,5,38,Mediterranean
Non-vegetarian,Beef Enchiladas,580,35,45,32,Mexican
Vegan,Kung Pao Vegetables,240,8,28,12,Chinese
Non-vegetarian,Seafood Pasta,520,32,52,26,Italian
Vegetarian,Burnt Garlic Fried Rice,420,10,62,16,Chinese
Non-vegetarian,Carnitas Tacos,450,35,35,25,Mexican
Non-vegetarian,Mutton Seekh Kebab,380,32,8,26,Indian
Vegan,Tofu with Vegetables,320,18,25,18,Chinese
Vegan,Grilled Vegetables,180,6,22,8,Italian
Vegetarian,Greek Omelette,350,22,8,26,Mediterranean
Non-vegetarian,Chicken Lollipop,350,28,18,22,Indian
Vegan,Vegan Tacos,320,14,45,12,Mexican
Vegetarian,American Chop Suey,450,12,62,18,Chinese
Non-vegetarian,Honey Chilli Chicken,480,28,38,26,Chinese
Vegetarian,Caprese Salad,320,18,12,24,Italian
Vegan,Pasta Pomodoro,380,12,60,10,Italian
Vegetarian,Huevos Rancheros,420,18,35,26,Mexican
Vegetarian,Spanakopita,380,14,32,24,Mediterranean
Vegan,Bean Burrito Vegan,420,16,58,14,Mexican
Vegetarian,Cheese Quesadilla,480,22,45,26,Mexican
Non-vegetarian,Shrimp Fajitas,380,28,28,22,Mexican
Non-vegetarian,Meat Lasagna,620,38,48,35,Italian
Vegetarian,Triple Schezwan Rice,480,14,68,18,Chinese
Vegetarian,Veggie Tacos,380,14,48,16,Mexican
Vegetarian,Manicotti,480,22,52,24,Italian
Vegetarian,Feta Stuffed Peppers,350,16,28,24,Mediterranean
Vegetarian,Baked Ziti,520,22,55,26,Italian
Vegetarian,Veg Momos,280,10,42,10,Chinese
Vegetarian,Greek Cheese Pie,420,18,35,28,Mediterranean
Non-vegetarian,Mussels Marinara,380,28,28,18,Italian
Vegetarian,Vegetable Chimichanga,520,16,55,28,Mexican
Non-vegetarian,Fish Souvlaki,350,32,12,20,Mediterranean
Non-vegetarian,Barbacoa,420,38,10,26,Mexican
Vegan,Bean and Rice,380,14,58,10,Mexican
Non-vegetarian,Chicken Parmigiana,560,40,35,32,Italian
Vegan,Mushroom Tacos,280,10,35,14,Mexican
Non-vegetarian,Beef Sopes,450,32,42,28,Mexican
Vegetarian,Kung Pao Tofu,380,18,28,22,Chinese
Non-vegetarian,Crispy Duck,520,30,15,38,Chinese
Vegetarian,Chiles Rellenos,420,18,28,28,Mexican
Vegan,Chips and Salsa,280,5,42,12,Mexican
Vegan,Vegan Pita,350,12,52,12,Mediterranean
Non-vegetarian,Grilled Octopus,280,30,8,14,Mediterranean
Vegan,Cauliflower Tacos,280,8,35,14,Mexican
Vegan,Bruschetta Pomodoro,250,6,35,10,Italian
Non-vegetarian,Fish Tagine,380,32,25,20,Mediterranean
Vegan,Crispy Tofu,300,18,18,18,Chinese
Vegan,Wonton Soup,220,8,35,6,Chinese
Non-vegetarian,Pork Dumplings,350,22,38,18,Chinese
Vegan,Italian Bean Salad,280,12,35,12,Italian
Vegan,Vegetable Minestrone,200,8,32,5,Italian
Vegetarian,Veg Chow Mein,400,10,58,14,Chinese
Vegetarian,Chilli Paneer Dry,420,20,22,30,Chinese
Vegan,Falafel Wrap,420,18,52,18,Mediterranean
Vegetarian,Cheese Tortellini,450,20,52,20,Italian
Vegetarian,Feta Cheese Pie,420,18,28,28,Mediterranean
Vegan,Vegan Enchiladas,420,15,52,18,Mexican
Vegetarian,Gobi Manchurian Dry,320,8,38,16,Chinese
Non-vegetarian,Clam Linguine,480,28,55,22,Italian
Vegetarian,Labneh with Olive Oil,250,12,15,18,Mediterranean
Vegetarian,Hot and Sour Soup,150,6,22,4,Chinese
Non-vegetarian,Chicken Sopes,420,28,42,24,Mexican
Vegetarian,Mexican Salad,280,12,25,18,Mexican
Vegan,Vegetable Chow Mein,380,10,58,12,Chinese
Vegetarian,Feta Salad,280,14,15,20,Mediterranean
Vegan,Mix Dal,290,18,42,6,Indian
Vegan,Bean Stew,300,16,42,8,Mediterranean
Vegan,Veg Dalia,280,10,48,6,Indian
Non-vegetarian,Veal Piccata,450,35,12,28,Italian
Non-vegetarian,Mutton Korma,580,35,18,42,Indian
Vegan,Fagioli Soup,260,14,40,6,Italian
Non-vegetarian,Prawn Fried Rice,480,26,58,18,Chinese
Non-vegetarian,Chicken Tamales,420,28,45,22,Mexican
Vegan,Chinese Greens,120,6,12,6,Chinese
Vegetarian,Shahi Paneer,500,18,22,38,Indian
Vegan,Dal Tadka,280,14,40,8,Indian
Vegetarian,Stuffed Paratha,380,10,48,18,Indian
Non-vegetarian,General Tso Chicken,550,30,45,30,Chinese
Vegan,Vegan Spring Rolls,280,8,38,12,Chinese
Non-vegetarian,Pescado Frito,380,30,25,22,Mexican
Vegetarian,Halloumi Skewers,350,22,15,26,Mediterranean
Vegetarian,Pappardelle,450,15,58,18,Italian
Non-vegetarian,Fish Moilee,340,30,12,20,Indian
Vegan,Aloo Tikki,280,6,38,14,Indian
Vegan,Focaccia with Tomatoes,350,10,52,12,Italian
Non-vegetarian,Shrimp Tacos,350,25,32,18,Mexican
Non-vegetarian,Birria,480,38,15,30,Mexican
Non-vegetarian,Egg Foo Young,380,22,18,26,Chinese
Vegan,Cabbage Sabzi,150,5,18,6,Indian
Non-vegetarian,Shrimp Burrito,520,30,52,26,Mexican
Vegetarian,Minestrone Soup,220,10,35,6,Italian
Non-vegetarian,Chicken Piccata,420,38,15,25,Italian
Vegan,Vegan Pizza,450,12,58,18,Italian
Vegetarian,Shakshuka,320,18,22,20,Mediterranean
Vegetarian,Vegetable Biryani,480,12,65,18,Indian
Vegan,Mediterranean Pasta,420,12,60,16,Italian
Non-vegetarian,Grilled Chicken,380,42,5,18,Mediterranean
Vegetarian,Veg Fried Rice,420,12,65,14,Chinese
Vegetarian,Cheese Focaccia,380,14,48,18,Italian
Vegetarian,Cheese Pide,450,20,48,24,Mediterranean
Vegetarian,Four Cheese Pizza,580,26,58,30,Italian
Non-vegetarian,Beef with Broccoli,420,35,18,24,Chinese
Non-vegetarian,Egg Biryani,480,22,55,22,Indian
Non-vegetarian,Salmon Risotto,520,35,50,25,Italian
Vegetarian,Spaghetti Aglio Olio,400,12,58,16,Italian
Vegan,Tinda Masala,160,4,22,6,Indian
Vegan,Aloo Baingan,240,6,32,10,Indian
Vegetarian,Veg Seekh Kebab,280,12,22,18,Indian
Non-vegetarian,Salmon Piccata,420,38,12,25,Italian
Vegetarian,Mexican Rice Bowl,420,14,58,18,Mexican
Vegetarian,Mushroom Risotto,480,12,58,20,Italian
Vegan,Roasted Cauliflower,180,6,18,12,Mediterranean
Vegetarian,Veg Hakka Noodles,420,12,62,15,Indian
Vegetarian,Greek Cheese Salad,320,16,18,24,Mediterranean
Vegetarian,Cheese Stromboli,520,24,52,28,Italian
Vegan,Tuscan Bean Stew,300,14,45,8,Italian
Non-vegetarian,Chicken Marsala,480,38,18,28,Italian
Vegan,Vegetable Manchurian,320,8,40,14,Chinese
Vegetarian,Feta Bruschetta,320,14,32,20,Mediterranean
Vegan,Broccoli in Garlic,180,8,18,10,Chinese
Vegan,Arbi Fry,220,5,32,10,Indian
Vegan,Sesame Noodles,350,12,52,12,Chinese
Vegetarian,Honey Chilli Paneer,420,18,32,26,Chinese
Non-vegetarian,Chicken Gyro,480,35,40,24,Mediterranean
Vegetarian,Dosa with Sambar,320,10,55,8,Indian
Vegetarian,Cheese Empanada,380,14,42,20,Mexican
Non-vegetarian,Shrimp Kebab,350,28,10,22,Mediterranean
Vegan,Sev Tamatar,280,8,38,12,Indian
Vegetarian,Cheese Enchiladas,550,24,45,32,Mexican
Vegetarian,Mix Veg Curry,280,8,30,14,Indian
Vegan,Vegan Noodle Soup,280,10,42,8,Chinese
Vegan,Aloo Palak,220,6,30,10,Indian
Non-vegetarian,Beef Tacos,420,32,35,24,Mexican
Vegan,Chickpea Salad,280,14,35,12,Mediterranean
Vegetarian,Halloumi Salad,380,22,15,28,Mediterranean
Vegetarian,Cheese Calzone,550,24,55,28,Italian
Non-vegetarian,Chicken Alfredo,580,38,52,32,Italian
Vegan,Hummus,220,10,25,12,Mediterranean
Vegetarian,Mediterranean Bowl,420,16,48,22,Mediterranean
Vegan,Vegan Tostadas,350,14,48,14,Mexican
Vegan,Panzanella,320,8,45,14,Italian
Vegetarian,Penne Arrabbiata,420,14,65,14,Italian
Vegetarian,Garlic Bread,320,8,42,14,Italian
Non-vegetarian,Chicken Saltimbocca,480,38,12,30,Italian
Vegan,Mediterranean Lentils,300,16,42,8,Mediterranean
Vegan,Vegetable Soup Italian,180,6,28,5,Italian
Non-vegetarian,Lamb Souvlaki,480,35,12,32,Mediterranean
Vegan,Vegan Stuffed Peppers,280,10,38,12,Mediterranean
Vegetarian,Mexican Rice,280,6,52,8,Mexican
Vegan,Vegan Nachos,450,12,52,22,Mexican
Non-vegetarian,Shrimp Scampi,380,30,25,22,Italian
Vegetarian,Eggplant Parmesan,420,18,35,26,Italian
Vegan,Tofu Satay,320,18,22,20,Chinese
Vegan,Methi Aloo,200,6,28,8,Indian
Vegetarian,Capellini Pomodoro,380,12,58,12,Italian
Vegetarian,Greek Moussaka,480,18,35,32,Mediterranean
Non-vegetarian,Pork Fried Rice,520,28,58,24,Chinese
Vegetarian,Vegetable Fajitas,350,12,42,16,Mexican
Vegan,Vegan Penne,380,12,60,10,Italian
Vegetarian,Mushroom in Garlic Sauce,260,10,25,14,Chinese
Vegan,Gajar Matar,180,6,25,8,Indian
Non-vegetarian,Chicken Tostadas,420,30,38,24,Mexican
Vegetarian,Dal Makhani,380,15,45,18,Indian
Vegan,Fattoush Salad,200,5,25,12,Mediterranean
Non-vegetarian,Chicken Kebab,420,38,12,24,Mediterranean
Vegan,Jeera Rice,280,6,52,8,Indian
Vegetarian,Mediterranean Wrap,400,16,42,22,Mediterranean
Non-vegetarian,Goan Fish Curry,360,30,15,20,Indian
Vegetarian,Bruschetta,280,8,38,12,Italian
Vegan,Aloo Matar,300,10,45,10,Indian
Vegan,Vegan Calzone,480,14,58,20,Italian
Non-vegetarian,Beef Burrito,620,38,58,30,Mexican
Non-vegetarian,Mutton Do Pyaza,520,38,12,35,Indian
Vegan,Jackfruit Tacos,320,10,45,12,Mexican
Non-vegetarian,Gyros,520,32,42,28,Mediterranean
Vegan,Baingan Masala,200,5,22,12,Indian
Vegan,Black Bean Soup,280,16,42,6,Mexican
Non-vegetarian,Chicken Parmesan,580,42,35,32,Italian
Vegan,Caponata,200,5,25,10,Italian
Vegetarian,Baingan Bharta,220,6,25,12,Indian
Vegetarian,Cheese Gordita,420,18,45,22,Mexican
Non-vegetarian,Egg Bhurji,280,18,8,20,Indian
Non-vegetarian,Pork Tamales,450,28,48,26,Mexican
Non-vegetarian,Carbonara,620,28,55,38,Italian
Non-vegetarian,Sweet and Sour Pork,520,28,45,28,Chinese
Vegetarian,Bean and Rice Bowl,450,16,62,18,Mexican
Non-vegetarian,Lamb Shish,480,35,8,35,Mediterranean
Vegan,Buddha Bowl,420,15,55,16,Chinese
Vegetarian,Refried Beans,220,12,35,6,Mexican
Non-vegetarian,Lamb Tagine,480,32,28,30,Mediterranean
Vegetarian,Mexican Street Corn,320,8,42,16,Mexican
Vegan,Roasted Peppers,150,4,18,8,Italian
Vegan,Veg Upma,220,8,38,6,Indian
Non-vegetarian,Carne Asada,480,42,8,30,Mexican
Vegan,Moong Dal,220,14,32,4,Indian
Vegan,Roasted Vegetable Platter,280,8,35,14,Mediterranean
Non-vegetarian,Mongolian Beef,480,32,25,30,Chinese
Vegan,Vegan Mezze,380,14,45,18,Mediterranean
Non-vegetarian,Beef Chow Mein,520,32,52,24,Chinese
Non-vegetarian,Lamb Chops,520,38,5,38,Mediterranean
Non-vegetarian,Fish Manchurian,380,28,32,20,Chinese
Non-vegetarian,Peking Duck,580,32,18,42,Chinese
Vegan,Mixed Vegetable Curry,240,8,32,10,Indian
Vegan,Kadhi Pakora,280,10,35,14,Indian
Vegan,Agua Fresca,120,1,30,0,Mexican
Vegan,Ribollita,280,12,42,8,Italian
Vegan,Pasta e Fagioli,320,14,48,8,Italian
Vegetarian,Aloo Paratha,350,8,48,15,Indian
Vegetarian,Cheese Tamale,420,16,48,22,Mexican
Vegan,Vegan Gyro,380,14,48,16,Mediterranean
Vegan,Vegan Hot and Sour Soup,140,6,20,4,Chinese
Non-vegetarian,Chicken Cacciatore,450,38,18,25,Italian
Vegan,Mediterranean Quinoa,350,12,48,14,Mediterranean
Non-vegetarian,Chicken Lemon,420,30,32,22,Chinese
Non-vegetarian,Beef Nachos,580,32,52,32,Mexican
Non-vegetarian,Tuna Pasta,450,32,52,20,Italian
Vegetarian,Greek Wrap,420,18,42,24,Mediterranean
Vegan,Vegan Churros,350,4,52,15,Mexican
Vegan,Primavera Salad,220,8,25,12,Italian
Vegetarian,Queso Fundido,450,22,15,35,Mexican
Vegan,Stir Fried Mushrooms,180,8,15,12,Chinese
Vegetarian,Steamed Veg Dumplings,250,8,38,8,Chinese
Vegan,Tofu Manchurian,340,18,35,18,Chinese
Vegan,Plantain Tacos,350,6,52,14,Mexican
Vegetarian,Veg Manchurian,380,10,45,18,Chinese
Non-vegetarian,Pollo Asado,380,42,8,20,Mexican
Non-vegetarian,Prawn Masala,380,30,15,22,Indian
Vegan,Mediterranean Beans,280,14,38,10,Mediterranean
Vegan,Black Bean Tacos,350,18,48,10,Mexican
Vegetarian,Penne Pasta,420,14,62,14,Italian
Non-vegetarian,Lamb Kofta,480,32,12,35,Mediterranean
Vegetarian,Veg Chopsuey,380,10,52,14,Chinese
Non-vegetarian,Beef Gyro,520,35,40,32,Mediterranean
Vegetarian,Paneer Tikka,380,22,15,28,Indian
Non-vegetarian,Shrimp Chilli,350,28,18,20,Chinese
Non-vegetarian,Mutton Keema,480,35,8,35,Indian
Vegetarian,Corn Soup,180,6,30,4,Chinese
Non-vegetarian,Chicken Milanese,520,38,32,28,Italian
Vegan,Vegan Quesadilla,380,12,48,16,Mexican
Vegan,Vegan Dolmas,220,5,35,8,Mediterranean
Vegetarian,Paneer Chilli,450,18,25,32,Chinese
Vegan,Roasted Cauliflower Special,188,3,18,12,Mediterranean
Vegetarian,Cheese Enchiladas Special,568,22,45,32,Mexican
Non-vegetarian,Veal Piccata Special,451,37,12,28,Italian
Vegan,Tofu Manchurian Special,364,17,35,18,Chinese
Vegan,Falafel Plate Special,465,17,52,20,Mediterranean
Vegan,Bean Sprout Stir Fry Special,128,7,15,8,Chinese
Vegetarian,Veg Manchow Soup Special,181,8,25,8,Indian
Vegan,Zucchini Fritters Special,235,5,28,14,Mediterranean
Vegetarian,Greek Pita Special,354,15,45,20,Mediterranean
Vegetarian,Gobi Manchurian Special,314,5,38,16,Indian
Non-vegetarian,Mixed Grill Special,548,43,12,38,Mediterranean
Non-vegetarian,Osso Buco Special,569,40,15,35,Italian
Vegan,Vegan Gnocchi Special,418,7,58,16,Italian
Non-vegetarian,Chicken Burrito Special,524,36,55,26,Mexican
Vegan,Lauki Sabzi Special,167,2,20,5,Indian
Vegetarian,Paneer Do Pyaza Special,436,21,18,32,Indian
Non-vegetarian,Honey Garlic Shrimp Special,405,28,35,16,Chinese
Non-vegetarian,Fish Curry Special,410,35,15,22,Indian
Vegan,Steamed Bok Choy Special,145,8,12,6,Chinese
Vegan,Black Bean Soup Special,279,18,42,6,Mexican
Vegan,Roasted Vegetable Pasta Special,370,7,58,14,Italian
Vegan,Grilled Corn Salad Special,195,3,35,10,Mexican
Vegetarian,Greek Moussaka Special,507,19,35,32,Mediterranean
Non-vegetarian,Shrimp Tacos Special,375,22,32,18,Mexican
Vegetarian,Halloumi Skewers Special,333,21,15,26,Mediterranean
Vegan,Mushroom Chilli Special,233,10,25,14,Chinese
Vegetarian,Mediterranean Wrap Special,396,16,42,22,Mediterranean
Non-vegetarian,Chicken Burrito Special,572,37,55,26,Mexican
Vegetarian,Falafel with Hummus Special,442,18,45,22,Mediterranean
Non-vegetarian,Seafood Risotto Special,537,32,50,22,Italian
Vegetarian,Veg Chow Mein Special,409,10,58,14,Chinese
Vegetarian,Gobi Manchurian Dry Special,322,6,38,16,Chinese
Vegan,Vegan Mezze Special,408,11,45,18,Mediterranean
Vegetarian,Sopapillas Special,315,4,48,14,Mexican
Non-vegetarian,Birria Special,481,37,15,30,Mexican
Vegetarian,Cheese Tostada Special,373,17,38,20,Mexican
Non-vegetarian,Veal Piccata Special,467,35,12,28,Italian
Non-vegetarian,Steak Burrito Special,589,35,55,30,Mexican
Non-vegetarian,Honey Garlic Shrimp Special,381,24,35,16,Chinese
Vegan,Roasted Peppers Special,141,2,18,8,Italian
Vegetarian,Feta Spinach Pie Special,411,17,32,28,Mediterranean
Non-vegetarian,Orange Chicken Special,550,25,55,22,Chinese
Vegetarian,Veg Seekh Kebab Special,263,9,22,18,Indian
Vegetarian,Cheese Taquitos Special,404,14,42,20,Mexican
Non-vegetarian,Shrimp Kebab Special,348,31,10,22,Mediterranean
Vegetarian,Vegetable Biryani Special,491,10,65,18,Indian
Vegan,Szechuan Vegetables Special,196,8,22,10,Chinese
Vegetarian,Spaghetti Aglio Olio Special,417,9,58,16,Italian
Vegetarian,Cheese Pide Special,442,17,48,24,Mediterranean
Non-vegetarian,Chicken Fajitas Special,418,36,28,24,Mexican
Non-vegetarian,Meatball Sub Special,574,31,52,30,Italian
Non-vegetarian,Grilled Chicken Special,392,41,5,18,Mediterranean
Vegetarian,Vegetable Fajitas Special,333,13,42,16,Mexican
Non-vegetarian,Beef Sopes Special,435,35,42,28,Mexican
Vegan,Mediterranean Beans Special,258,13,38,10,Mediterranean
Vegan,Marinara Pasta Special,400,9,62,10,Italian
Vegan,Quinoa Tabbouleh Special,292,9,48,12,Mediterranean
Vegan,Chickpea Salad Special,291,13,35,12,Mediterranean
Vegetarian,Greek Pita Special,355,11,45,20,Mediterranean
Non-vegetarian,Prawn Fried Rice Special,504,26,58,18,Chinese
Non-vegetarian,Chicken Souvlaki Special,370,36,12,22,Mediterranean
Non-vegetarian,General Tso Chicken Special,535,32,45,30,Chinese
Non-vegetarian,Chicken Kebab Special,403,40,12,24,Mediterranean
Vegetarian,Hot and Sour Soup Special,145,7,22,4,Chinese
Vegan,Panzanella Special,296,8,45,14,Italian
Vegetarian,Manicotti Special,476,24,52,24,Italian
Non-vegetarian,Beef Tostadas Special,441,33,38,28,Mexican
Vegetarian,Chole Bhature Special,531,19,70,25,Indian
Non-vegetarian,Lamb Kofta Special,478,33,12,35,Mediterranean
Vegetarian,Spanakopita Special,397,13,32,24,Mediterranean
Non-vegetarian,Chicken Milanese Special,513,36,32,28,Italian
Vegetarian,Vegetable Fajitas Special,354,15,42,16,Mexican
Vegan,Mushroom Chilli Special,244,11,25,14,Chinese
Vegan,Vegan Quesadilla Special,391,11,48,16,Mexican
Non-vegetarian,Chicken Quesadilla Special,528,31,45,28,Mexican
Vegan,Szechuan Vegetables Special,194,11,22,10,Chinese
Non-vegetarian,Seafood Tagine Special,402,34,25,22,Mediterranean
Vegan,Roasted Cauliflower Special,175,7,18,12,Mediterranean
Vegan,Vegetable Manchurian Special,308,10,40,14,Chinese
Vegan,Mushroom Fajitas Special,266,12,32,14,Mexican
Vegetarian,Falafel with Hummus Special,443,19,45,22,Mediterranean
Non-vegetarian,Chicken Alfredo Special,606,38,52,32,Italian
Vegetarian,Huevos Rancheros Special,436,19,35,26,Mexican
Non-vegetarian,Beef Enchiladas Special,597,38,45,32,Mexican
Non-vegetarian,Lamb Moussaka Special,572,32,35,38,Mediterranean
Vegan,Tinda Masala Special,166,5,22,6,Indian
Vegan,Ribollita Special,254,15,42,8,Italian
Non-vegetarian,Sweet and Sour Pork Special,513,31,45,28,Chinese
Non-vegetarian,Peking Duck Special,600,30,18,42,Chinese
Vegetarian,Bean and Cheese Burrito Special,542,21,62,22,Mexican
Vegetarian,Mexican Corn Salad Special,289,7,38,14,Mexican
Vegetarian,Halloumi Wrap Special,401,21,38,26,Mediterranean
Non-vegetarian,Salmon Risotto Special,529,34,50,25,Italian
Vegetarian,Spinach Lasagna Special,519,24,48,28,Italian
Non-vegetarian,Lamb Bhuna Special,475,41,10,35,Indian
Vegetarian,Cheese Gordita Special,450,18,45,22,Mexican
Non-vegetarian,Beef Nachos Special,592,29,52,32,Mexican
Non-vegetarian,Clam Linguine Special,506,26,55,22,Italian
Vegetarian,Veg Chow Mein Special,413,13,58,14,Chinese
Vegetarian,Caprese Salad Special,316,17,12,24,Italian
Vegan,Vegetable Dumplings Special,262,10,40,10,Chinese
Non-vegetarian,Chicken Cacciatore Special,464,36,18,25,Italian
Non-vegetarian,Tandoori Chicken Special,407,46,8,18,Indian
Vegetarian,Bean Chalupa Special,395,13,45,18,Mexican
Non-vegetarian,Gyros Special,545,31,42,28,Mediterranean
Vegan,Broccoli in Garlic Special,202,9,18,10,Chinese
Vegetarian,Cheese Pastry Special,381,13,38,22,Mediterranean
Vegan,Vegetable Minestrone Special,173,7,32,5,Italian
Vegetarian,Halloumi Burger Special,467,27,38,30,Mediterranean
Vegetarian,Steamed Veg Dumplings Special,263,5,38,8,Chinese
Vegetarian,Baingan Bharta Special,237,8,25,12,Indian
Vegan,Cabbage Sabzi Special,127,3,18,6,Indian
Non-vegetarian,Chicken Chow Mein Special,485,25,55,18,Chinese
Non-vegetarian,Chicken Tikka Masala Special,550,38,20,32,Indian
Non-vegetarian,Chicken Malai Tikka Special,392,33,8,26,Indian
Vegetarian,Rajma Chawal Special,441,19,65,12,Indian
Vegetarian,Queso Fundido Special,465,25,15,35,Mexican
Vegan,Vegan Shawarma Special,395,14,48,16,Mediterranean
Non-vegetarian,Mutton Keema Special,483,33,8,35,Indian
Vegetarian,Four Cheese Pizza Special,579,27,58,30,Italian
Non-vegetarian,Chicken Chow Mein Special,453,25,55,18,Chinese
Vegetarian,Penne Arrabbiata Special,447,12,65,14,Italian
Non-vegetarian,Carnitas Tacos Special,444,32,35,25,Mexican
Non-vegetarian,Grilled Fish Special,290,37,5,16,Mediterranean
Vegan,Palak Dal Special,250,13,35,8,Indian
Vegan,Grilled Vegetables Special,172,6,22,8,Italian
Vegan,Vegan Tacos Special,331,16,45,12,Mexican
Vegetarian,Feta Pasta Special,443,17,52,24,Mediterranean
Vegetarian,Spring Rolls Special,326,7,40,15,Chinese
Non-vegetarian,Beef Gyro Special,493,32,40,32,Mediterranean
Non-vegetarian,Chicken Lemon Special,400,30,32,22,Chinese
Non-vegetarian,Chicken Gyro Special,475,34,40,24,Mediterranean
Vegan,Lentil Soup Italian Special,251,16,42,5,Italian
Vegan,Vegan Kung Pao Special,287,12,32,14,Chinese
Non-vegetarian,Sweet and Sour Pork Special,534,27,45,28,Chinese
Non-vegetarian,Lamb Gyro Special,501,34,40,32,Mediterranean
Vegan,Chips and Salsa Special,277,2,42,12,Mexican
Vegan,Vegan Stuffed Peppers Special,253,10,38,12,Mediterranean
Vegan,Roasted Peppers Special,157,5,18,8,Italian
Vegetarian,Veg Hakka Noodles Special,427,9,62,15,Indian
Vegetarian,Stuffed Paratha Special,351,7,48,18,Indian
Non-vegetarian,Beef with Broccoli Special,390,35,18,24,Chinese
Non-vegetarian,Prosciutto Pizza Special,550,26,58,26,Italian
Vegetarian,Cheese Taquitos Special,361,16,42,20,Mexican
Vegetarian,Greek Salad with Feta Special,313,15,18,24,Mediterranean
Vegan,Italian Bean Salad Special,283,11,35,12,Italian
Vegan,Vegan Dolmas Special,222,3,35,8,Mediterranean
Vegan,Vegan Kebab Special,306,15,42,14,Mediterranean
Vegetarian,Veg Kathi Roll Special,408,15,52,18,Indian
Vegan,Aloo Baingan Special,224,3,32,10,Indian
Vegetarian,Caprese Panini Special,443,19,42,22,Italian
Vegan,Vegan Pozole Special,298,10,40,8,Mexican
Vegan,Vegan Burrito Bowl Special,443,15,58,14,Mexican
Vegetarian,Spanakopita Special,371,15,32,24,Mediterranean
Non-vegetarian,Chicken Sopes Special,391,26,42,24,Mexican
Non-vegetarian,Grilled Octopus Special,302,29,8,14,Mediterranean
Vegetarian,Greek Moussaka Special,463,21,35,32,Mediterranean
Vegan,Wonton Soup Special,203,5,35,6,Chinese
Vegetarian,Baingan Bharta Special,220,9,25,12,Indian
Vegan,Kung Pao Vegetables Special,263,5,28,12,Chinese
Vegan,Jeera Rice Special,268,5,52,8,Indian
Vegetarian,Mushroom in Garlic Sauce Special,265,11,25,14,Chinese
Vegan,Aloo Palak Special,241,9,30,10,Indian
Non-vegetarian,Chicken Lemon Special,436,27,32,22,Chinese
Vegan,Fagioli Soup Special,264,17,40,6,Italian
Vegan,Gajar Matar Special,181,8,25,8,Indian
Vegan,Hummus Special,237,10,25,12,Mediterranean
Vegan,Mediterranean Pasta Special,393,14,60,16,Italian
Non-vegetarian,Beef Gyro Special,531,34,40,32,Mediterranean
Non-vegetarian,Chicken Nachos Special,528,31,52,30,Mexican
Vegan,Veg Dalia Special,259,13,48,6,Indian
Vegetarian,Feta Bruschetta Special,296,11,32,20,Mediterranean
Non-vegetarian,Grilled Lamb Chops Special,534,36,5,38,Mediterranean
Vegan,Pasta e Fagioli Special,307,16,48,8,Italian
Non-vegetarian,Mutton Korma Special,550,34,18,42,Indian
Vegan,Crispy Tofu Special,298,15,18,18,Chinese
Vegan,Falafel Wrap Special,442,15,52,18,Mediterranean
Non-vegetarian,Orange Chicken Special,537,27,55,22,Chinese
Non-vegetarian,Beef Gyro Special,521,36,40,32,Mediterranean
Vegetarian,Paneer 65 Special,405,19,25,26,Chinese
Non-vegetarian,Fish Manchurian Special,373,30,32,20,Chinese
Non-vegetarian,Seafood Platter Special,432,41,10,22,Mediterranean
Vegan,Vegan Penne Special,363,10,60,10,Italian
Vegetarian,Mushroom Risotto Special,488,15,58,20,Italian
Vegan,Mix Dal Special,268,21,42,6,Indian
Non-vegetarian,Birria Special,483,38,15,30,Mexican
Vegetarian,Mediterranean Wrap Special,409,13,42,22,Mediterranean
Vegetarian,Rigatoni Special,407,12,62,14,Italian
Non-vegetarian,Prawn Masala Special,395,32,15,22,Indian
Non-vegetarian,Chicken Gyro Special,467,34,40,24,Mediterranean
Vegan,Vegan Calzone Special,462,13,58,20,Italian
Vegan,Primavera Salad Special,201,9,25,12,Italian
Vegetarian,Feta Bruschetta Special,345,13,32,20,Mediterranean
Non-vegetarian,Shrimp Tempura Special,368,25,35,22,Chinese
Non-vegetarian,Carne Asada Special,507,40,8,30,Mexican
Vegan,Vegan Caesar Salad Special,268,9,22,18,Italian
Vegan,Vegan Dolmas Special,223,7,35,8,Mediterranean
Non-vegetarian,Mutton Biryani Special,624,37,55,32,Indian
Vegetarian,Bean Enchiladas Special,481,17,52,24,Mexican
Non-vegetarian,Veal Scallopini Special,437,35,12,26,Italian
Non-vegetarian,Chicken Alfredo Special,577,39,52,32,Italian
Vegan,Corn and Vegetable Soup Special,159,5,25,4,Chinese
Vegan,Palak Dal Special,287,15,35,8,Indian
Vegan,Lentil Soup Italian Special,290,18,42,5,Italian
Non-vegetarian,Fish Ball Soup Special,296,22,25,14,Chinese
Vegan,Sesame Noodles Special,374,9,52,12,Chinese
Vegan,Agua Fresca Special,150,2,30,0,Mexican
Vegan,Marinara Pasta Special,409,10,62,10,Italian
Vegan,Pasta e Fagioli Special,350,13,48,8,Italian
Vegetarian,Tomato Basil Soup Special,151,5,25,6,Italian
Vegetarian,Corn Soup Special,156,6,30,4,Chinese
Vegetarian,Gobi Manchurian Special,302,11,38,16,Indian
Non-vegetarian,Orange Chicken Special,490,27,55,22,Chinese
Vegan,Pasta Pomodoro Special,377,9,60,10,Italian
Non-vegetarian,Gyros Special,539,33,42,28,Mediterranean
Non-vegetarian,Chicken Handi Special,497,36,18,32,Indian
Non-vegetarian,Seafood Pasta Special,529,32,52,26,Italian
Non-vegetarian,Seafood Linguine Special,516,29,55,24,Italian
Vegetarian,Fried Tofu Special,275,17,12,20,Chinese
Non-vegetarian,Veal Scallopini Special,449,36,12,26,Italian
Non-vegetarian,Lamb Shish Special,462,33,8,35,Mediterranean
Vegan,Vegan Churros Special,345,7,52,15,Mexican
Non-vegetarian,Veal Marsala Special,503,36,18,30,Italian
Vegan,Mediterranean Beans Special,253,14,38,10,Mediterranean
Non-vegetarian,Chicken Chow Mein Special,470,29,55,18,Chinese
Vegetarian,Veg Manchow Soup Special,196,5,25,8,Indian
Vegetarian,Paneer 65 Special,371,18,25,26,Chinese
Vegetarian,Hakka Noodles Special,477,10,70,16,Chinese
Vegan,Vegetable Jalfrezi Special,210,5,28,10,Indian
Non-vegetarian,Kung Pao Chicken Special,499,33,28,25,Chinese
Vegetarian,Uttapam Special,270,6,48,8,Indian
Vegetarian,Greek Flatbread Special,368,16,45,20,Mediterranean
Non-vegetarian,Salmon Risotto Special,509,32,50,25,Italian
Vegetarian,Nachos Supreme Special,641,24,55,38,Mexican
Vegetarian,Chole Bhature Special,560,19,70,25,Indian
Non-vegetarian,Pork Dumplings Special,343,22,38,18,Chinese
Vegetarian,Kadai Paneer Special,503,25,20,35,Indian
Vegan,Buddha Bowl Special,417,14,55,16,Chinese
Vegan,Jeera Rice Special,288,4,52,8,Indian
Vegan,Vegetable Dumplings Special,275,9,40,10,Chinese
Vegetarian,Steamed Veg Dumplings Special,266,6,38,8,Chinese
Non-vegetarian,Chicken Enchiladas Special,550,37,42,28,Mexican
Non-vegetarian,Sweet and Sour Pork Special,545,31,45,28,Chinese
Non-vegetarian,Fish Curry Special,361,38,15,22,Indian
Non-vegetarian,Chicken Cacciatore Special,451,35,18,25,Italian
Vegan,Hummus Bowl Special,378,11,42,18,Mediterranean
Non-vegetarian,Chicken Kadai Special,455,35,15,28,Indian
Non-vegetarian,Chicken Malai Tikka Special,381,29,8,26,Indian
Non-vegetarian,Pork Fried Rice Special,519,26,58,24,Chinese
Non-vegetarian,Egg Curry Special,337,20,15,22,Indian
Vegan,Ribollita Special,271,14,42,8,Italian
Vegan,Panzanella Special,344,7,45,14,Italian
Vegan,Chickpea Salad Special,301,13,35,12,Mediterranean
Vegetarian,Kadai Paneer Special,484,21,20,35,Indian
Vegetarian,Cheese Sope Special,379,17,42,20,Mexican
Vegetarian,Refried Beans Special,243,10,35,6,Mexican
Vegan,Mushroom Pasta Vegan Special,379,13,55,16,Italian
Vegan,Methi Aloo Special,227,6,28,8,Indian
Vegetarian,Veg Momos Special,260,7,42,10,Chinese
Non-vegetarian,Mussels Marinara Special,357,26,28,18,Italian
Vegan,Buddha Bowl Special,432,12,55,16,Chinese
Non-vegetarian,Chicken Manchurian Special,432,31,35,22,Chinese
Non-vegetarian,Carnitas Tacos Special,439,36,35,25,Mexican
Vegetarian,Cheese Taquitos Special,358,16,42,20,Mexican
Non-vegetarian,Veal Scallopini Special,433,32,12,26,Italian
Non-vegetarian,Egg Foo Young Special,370,22,18,26,Chinese
Non-vegetarian,Lamb Tagine Special,488,33,28,30,Mediterranean
Vegan,Caponata Special,178,5,25,10,Italian
Non-vegetarian,Clam Linguine Special,489,30,55,22,Italian
Vegan,Vegan Churros Special,330,6,52,15,Mexican
Non-vegetarian,Shrimp Burrito Special,516,31,52,26,Mexican
Vegan,Veg Khichdi Special,349,13,52,8,Indian
Vegetarian,Halloumi Salad Special,378,22,15,28,Mediterranean
Non-vegetarian,Prawn Fried Rice Special,503,26,58,18,Chinese
Vegan,Mushroom Fried Rice Special,425,13,60,14,Chinese
Non-vegetarian,Clam Linguine Special,460,26,55,22,Italian
Non-vegetarian,Chicken Nachos Special,536,32,52,30,Mexican
Vegetarian,Mediterranean Salad Special,248,9,18,16,Mediterranean
Non-vegetarian,Tilapia Livornese Special,305,32,12,16,Italian
Vegetarian,Veg Chopsuey Special,404,7,52,14,Chinese
Non-vegetarian,Chicken 65 Special,396,29,22,24,Chinese
Vegan,Vegan Risotto Special,400,9,58,16,Italian
Vegetarian,Cheese Pupusa Special,443,18,48,22,Mexican
Vegan,Vegan Tostadas Special,377,12,48,14,Mexican
Vegan,Tomato Bruschetta Special,256,4,32,10,Italian
Non-vegetarian,Chicken Handi Special,459,33,18,32,Indian
Non-vegetarian,Fish Tikka Special,254,31,8,14,Indian
Non-vegetarian,Veal Piccata Special,462,33,12,28,Italian
Vegetarian,Veg Sweet and Sour Special,259,7,45,8,Chinese
Vegan,Sweet Potato Tacos Special,354,9,52,14,Mexican
Non-vegetarian,Carnitas Tacos Special,442,35,35,25,Mexican
Vegan,Caponata Special,206,5,25,10,Italian
Non-vegetarian,Carnitas Tacos Special,475,34,35,25,Mexican
Vegetarian,Feta Stuffed Peppers Special,326,19,28,24,Mediterranean
Vegan,Spaghetti Aglio e Olio Special,432,9,65,15,Italian
Vegetarian,Spinach Lasagna Special,499,24,48,28,Italian
Non-vegetarian,Beef Sopes Special,466,31,42,28,Mexican
Vegetarian,Chiles Rellenos Special,399,19,28,28,Mexican
Vegetarian,Veg Chow Mein Special,397,8,58,14,Chinese
Non-vegetarian,Shrimp Burrito Special,534,33,52,26,Mexican
Non-vegetarian,Egg Foo Young Special,385,21,18,26,Chinese
Vegetarian,Tomato Basil Soup Special,163,8,25,6,Italian
Vegan,Vegan Stuffed Peppers Special,258,12,38,12,Mediterranean
Vegetarian,Halloumi Wrap Special,446,20,38,26,Mediterranean
Non-vegetarian,Tilapia Livornese Special,341,37,12,16,Italian
Vegan,Wonton Soup Special,193,6,35,6,Chinese
Vegetarian,Veg Sweet and Sour Special,294,10,45,8,Chinese
Non-vegetarian,Butter Chicken Special,523,32,18,38,Indian
Non-vegetarian,Italian Meatballs Special,480,27,25,30,Italian
Non-vegetarian,Prawn Masala Special,375,31,15,22,Indian
Vegetarian,Veg Momos Special,265,7,42,10,Chinese
Non-vegetarian,Beef with Broccoli Special,409,32,18,24,Chinese
Non-vegetarian,Chicken Tikka Masala Special,512,35,20,32,Indian
Vegan,Grilled Eggplant Special,120,4,18,8,Mediterranean
Vegan,Veg Dalia Special,277,12,48,6,Indian
Vegan,Poha Special,224,5,42,8,Indian
Non-vegetarian,Fish Manchurian Special,385,30,32,20,Chinese
Non-vegetarian,Beef with Broccoli Special,446,38,18,24,Chinese
Vegan,Vegan Gnocchi Special,442,10,58,16,Italian
Vegan,Stir Fried Tofu Special,269,16,15,18,Chinese
Vegan,Mediterranean Quinoa Special,366,14,48,14,Mediterranean
Vegetarian,Guacamole with Chips Special,393,5,35,28,Mexican
Vegetarian,Bruschetta Special,279,5,38,12,Italian
Vegetarian,Cheese Calzone Special,567,22,55,28,Italian
Vegetarian,Mediterranean Salad Special,192,7,18,16,Mediterranean
Vegan,Quinoa Tabbouleh Special,300,7,48,12,Mediterranean
Non-vegetarian,Mutton Keema Special,491,35,8,35,Indian
Vegan,Fagioli Soup Special,232,11,40,6,Italian
Vegan,Vegetable Jalfrezi Special,242,10,28,10,Indian
Non-vegetarian,Szechuan Shrimp Special,309,26,12,18,Chinese
Vegetarian,Eggplant Parmesan Special,415,16,35,26,Italian
Non-vegetarian,Lasagna Special,623,33,48,35,Italian
Vegetarian,Chilli Paneer Dry Special,429,23,22,30,Chinese
Vegetarian,Mediterranean Wrap Special,427,19,42,22,Mediterranean
Vegetarian,Paneer Butter Masala Special,438,15,25,32,Indian
Non-vegetarian,Egg Curry Special,325,20,15,22,Indian
Vegetarian,Penne Pasta Special,422,15,62,14,Italian
Non-vegetarian,Shrimp Tacos Special,372,25,32,18,Mexican
Vegan,Aloo Tikki Special,262,8,38,14,Indian
Vegetarian,Paneer Tikka Special,404,24,15,28,Indian
Vegetarian,Mix Veg Curry Special,279,6,30,14,Indian
Vegetarian,Masala Dosa Special,395,15,58,12,Indian
Vegan,Toor Dal Special,278,19,38,4,Indian
Vegan,Aloo Baingan Special,239,8,32,10,Indian
Non-vegetarian,Seafood Linguine Special,513,35,55,24,Italian
Non-vegetarian,Seafood Linguine Special,501,30,55,24,Italian
Vegetarian,Spring Rolls Special,294,7,40,15,Chinese
Vegetarian,Cheese Tamale Special,426,13,48,22,Mexican
Non-vegetarian,Prawn Curry Special,369,25,12,22,Indian
Vegetarian,Feta Salad Special,274,15,15,20,Mediterranean
Vegan,Vegan Penne Special,380,10,60,10,Italian
Non-vegetarian,Beef Shawarma Special,520,34,28,32,Mediterranean
Vegetarian,Vegetable Burrito Special,508,13,58,20,Mexican
Vegan,Bhindi Masala Special,188,4,20,8,Indian
Vegetarian,Hakka Noodles Special,494,11,70,16,Chinese
Vegetarian,Palak Paneer Special,399,22,18,28,Indian
Vegetarian,Paneer Do Pyaza Special,426,19,18,32,Indian
Vegan,Vegan Fajitas Special,294,12,38,14,Mexican
Vegetarian,Baingan Bharta Special,215,3,25,12,Indian
Vegan,Vegan Hot and Sour Soup Special,161,9,20,4,Chinese
Vegetarian,Veg Lo Mein Special,404,11,62,14,Chinese
Vegetarian,Paneer Chilli Special,421,21,25,32,Chinese
Vegetarian,Paneer Chilli Special,425,16,25,32,Chinese
Non-vegetarian,Steak Burrito Special,583,35,55,30,Mexican
Non-vegetarian,Shrimp Alfredo Special,539,32,50,30,Italian
Non-vegetarian,Chicken Do Pyaza Special,434,35,15,26,Indian
Vegan,Vegan Empanadas Special,333,7,48,14,Mexican
Vegan,Broccoli in Garlic Special,166,6,18,10,Chinese
Vegan,Pico de Gallo Special,38,-1,10,1,Mexican
Vegetarian,Rajma Chawal Special,477,18,65,12,Indian
Vegan,Steamed Bok Choy Special,129,5,12,6,Chinese
Vegan,Aloo Matar Special,277,8,45,10,Indian
Vegan,Aloo Palak Special,240,9,30,10,Indian
Vegetarian,Four Cheese Pizza Special,564,25,58,30,Italian
Vegetarian,Greek Pita Special,355,13,45,20,Mediterranean
Vegan,Mediterranean Quinoa Special,379,15,48,14,Mediterranean
Vegan,Vegan Shawarma Special,368,12,48,16,Mediterranean
Vegan,Vegan Pizza Special,442,15,58,18,Italian
Vegan,Tinda Masala Special,177,2,22,6,Indian
Vegan,Jeera Rice Special,273,8,52,8,Indian
Vegan,Vegan Caesar Salad Special,286,13,22,18,Italian
Vegetarian,Bruschetta Special,278,8,38,12,Italian
Non-vegetarian,Seafood Pasta Special,541,33,52,26,Italian
Non-vegetarian,Shrimp Chilli Special,369,25,18,20,Chinese
Non-vegetarian,Pork Tamales Special,458,29,48,26,Mexican
Vegan,Vegan Stuffed Peppers Special,297,11,38,12,Mediterranean
Vegan,Miso Soup Special,63,4,8,3,Chinese
Vegetarian,Manicotti Special,460,25,52,24,Italian
Vegetarian,Veg Wontons Special,278,8,38,12,Chinese
Vegetarian,Queso Fundido Special,447,23,15,35,Mexican
Vegetarian,Stuffed Paratha Special,367,10,48,18,Indian
Vegan,Vegan Noodle Soup Special,278,13,42,8,Chinese
Vegetarian,Kung Pao Tofu Special,373,18,28,22,Chinese
Vegan,Tuscan Bean Stew Special,270,14,45,8,Italian
Vegan,Zucchini Fritters Special,225,5,28,14,Mediterranean
Non-vegetarian,Grilled Chicken Special,407,42,5,18,Mediterranean
Vegan,Tofu Stir Fry Special,297,15,22,18,Chinese
Vegetarian,Cheese Tostada Special,366,15,38,20,Mexican
Non-vegetarian,Shrimp Burrito Special,523,33,52,26,Mexican
Non-vegetarian,Shrimp Tacos Special,339,25,32,18,Mexican
Vegan,Arbi Fry Special,192,2,32,10,Indian
Vegetarian,Halloumi Skewers Special,334,19,15,26,Mediterranean
Non-vegetarian,Lamb Rogan Josh Special,546,39,12,35,Indian
Non-vegetarian,Beef Kofta Special,494,32,12,32,Mediterranean
Vegetarian,Chiles Rellenos Special,433,18,28,28,Mexican
Non-vegetarian,Tandoori Chicken Special,410,47,8,18,Indian
Vegetarian,Veg Kathi Roll Special,407,12,52,18,Indian
Vegetarian,Veg Seekh Kebab Special,265,14,22,18,Indian
Non-vegetarian,Beef Kebab Special,460,38,10,32,Mediterranean
Vegetarian,Samosa Special,358,8,45,16,Indian
Non-vegetarian,Mutton Biryani Special,634,37,55,32,Indian
Non-vegetarian,Lamb Bhuna Special,513,37,10,35,Indian
Vegetarian,Uttapam Special,318,7,48,8,Indian
Non-vegetarian,Beef Shawarma Special,500,38,28,32,Mediterranean
Vegan,Plantain Tacos Special,364,6,52,14,Mexican
Non-vegetarian,Fish Manchurian Special,396,29,32,20,Chinese
Vegetarian,Refried Beans Special,218,14,35,6,Mexican
Vegetarian,Mushroom in Garlic Sauce Special,255,9,25,14,Chinese
Non-vegetarian,Beef Kebab Special,493,32,10,32,Mediterranean
Vegetarian,Eggplant Parmesan Special,400,17,35,26,Italian
Vegetarian,Tzatziki with Pita Special,289,9,35,14,Mediterranean
Non-vegetarian,Barbacoa Special,406,37,10,26,Mexican
Vegetarian,Bean and Rice Bowl Special,450,18,62,18,Mexican
Vegan,Vegan Hot and Sour Soup Special,138,6,20,4,Chinese
Non-vegetarian,Chicken Quesadilla Special,516,29,45,28,Mexican
Vegan,Bean Soup Special,247,16,40,6,Italian
Non-vegetarian,Shrimp Ceviche Special,241,28,12,8,Mexican
Non-vegetarian,Chicken Lemon Special,427,27,32,22,Chinese
Non-vegetarian,Lamb Souvlaki Special,486,33,12,32,Mediterranean
Non-vegetarian,Egg Curry Special,300,20,15,22,Indian
Non-vegetarian,Chicken Shawarma Special,469,40,25,28,Mediterranean
Vegetarian,Four Cheese Pizza Special,575,24,58,30,Italian
Vegan,Poha Special,251,9,42,8,Indian
Vegetarian,Greek Pita Special,401,14,45,20,Mediterranean
Vegetarian,Tofu in Black Bean Sauce Special,300,19,20,20,Chinese
Vegetarian,Spring Rolls Special,341,6,40,15,Chinese
Vegan,Lauki Sabzi Special,159,3,20,5,Indian
Vegan,Guacamole Special,275,5,18,22,Mexican
Non-vegetarian,Prawn Masala Special,400,32,15,22,Indian
Vegetarian,Nachos Supreme Special,612,19,55,38,Mexican
Non-vegetarian,Beef Gyro Special,526,34,40,32,Mediterranean
Non-vegetarian,Dragon Chicken Special,485,33,32,28,Chinese
Non-vegetarian,Chicken Parmesan Special,596,39,35,32,Italian
Vegan,Hummus Bowl Special,374,14,42,18,Mediterranean
Vegan,Roasted Peppers Special,172,4,18,8,Italian
Vegetarian,Spring Rolls Special,319,5,40,15,Chinese
Vegan,Toor Dal Special,225,18,38,4,Indian
Non-vegetarian,Shrimp Kebab Special,367,31,10,22,Mediterranean
Vegetarian,Veg Seekh Kebab Special,265,13,22,18,Indian
Non-vegetarian,Beef Kebab Special,467,32,10,32,Mediterranean
Non-vegetarian,Dragon Chicken Special,500,28,32,28,Chinese
Vegan,Palak Dal Special,265,13,35,8,Indian
Vegan,Vegan Nachos Special,431,9,52,22,Mexican
Vegetarian,Refried Beans Special,233,15,35,6,Mexican
Vegan,Tofu Schezwan Special,377,15,28,20,Chinese
Non-vegetarian,Egg Biryani Special,459,24,55,22,Indian
Vegan,Stir Fried Mushrooms Special,192,5,15,12,Chinese
Vegan,Tofu Stir Fry Special,301,21,22,18,Chinese
Non-vegetarian,Pescado Frito Special,356,32,25,22,Mexican
Vegetarian,Churros Special,397,5,55,16,Mexican
Vegetarian,Halloumi Skewers Special,343,19,15,26,Mediterranean
Non-vegetarian,Fish Manchurian Special,360,26,32,20,Chinese
Vegan,Roasted Vegetable Pasta Special,402,9,58,14,Italian
Vegetarian,Bean Chalupa Special,379,16,45,18,Mexican
Vegetarian,Cheese Pide Special,426,19,48,24,Mediterranean
Non-vegetarian,Carnitas Tacos Special,452,35,35,25,Mexican
Vegan,Guacamole Special,221,7,18,22,Mexican
Non-vegetarian,Lamb Kebab Special,436,35,8,32,Mediterranean
Vegetarian,Paneer Do Pyaza Special,465,21,18,32,Indian
Vegetarian,Paneer Do Pyaza Special,441,18,18,32,Indian
Non-vegetarian,Pescado Frito Special,399,31,25,22,Mexican
Vegetarian,Veg Korma Special,392,14,35,28,Indian
Vegetarian,Tofu in Black Bean Sauce Special,310,21,20,20,Chinese
Vegan,Lauki Sabzi Special,123,2,20,5,Indian
Vegetarian,Halloumi Fries Special,393,18,28,26,Mediterranean
Non-vegetarian,Shrimp Tacos Special,359,25,32,18,Mexican
Vegetarian,Burnt Garlic Fried Rice Special,446,9,62,16,Chinese
Vegan,Black Bean Tacos Special,364,16,48,10,Mexican
Vegan,Vegan Dolmas Special,216,3,35,8,Mediterranean
Vegan,Roasted Vegetable Pasta Special,375,12,58,14,Italian
Vegetarian,Spring Rolls Special,337,10,40,15,Chinese
Vegetarian,Sopapillas Special,326,2,48,14,Mexican
Vegetarian,Shakshuka Special,317,20,22,20,Mediterranean
Vegan,Stir Fried Mushrooms Special,202,10,15,12,Chinese
Vegetarian,Veg Hakka Noodles Special,447,12,62,15,Indian
Vegetarian,Hakka Noodles Special,467,10,70,16,Chinese
Vegan,Bean Tostadas Special,334,11,45,12,Mexican
Vegan,Mediterranean Quinoa Special,380,14,48,14,Mediterranean
Vegetarian,Bean and Rice Bowl Special,454,16,62,18,Mexican
Non-vegetarian,Chicken Gyro Special,471,38,40,24,Mediterranean
Non-vegetarian,Chicken Parmigiana Special,557,43,35,32,Italian
Vegan,Gajar Matar Special,204,8,25,8,Indian
Non-vegetarian,Carnitas Tacos Special,455,37,35,25,Mexican
Vegetarian,Mapo Tofu Special,337,21,18,24,Chinese
Vegetarian,Cheese Pastry Special,394,12,38,22,Mediterranean
Vegan,Spaghetti Aglio e Olio Special,434,10,65,15,Italian
Non-vegetarian,Seafood Linguine Special,533,30,55,24,Italian
Vegetarian,Pappardelle Special,466,13,58,18,Italian
Vegetarian,Cheese Stromboli Special,537,23,52,28,Italian
Vegetarian,Greek Pita Special,378,12,45,20,Mediterranean
Vegan,Spaghetti Aglio e Olio Special,390,10,65,15,Italian
Vegetarian,Halloumi Skewers Special,373,21,15,26,Mediterranean
Vegan,Grilled Corn Salad Special,229,5,35,10,Mexican
Non-vegetarian,Shrimp Risotto Special,495,30,52,24,Italian
Non-vegetarian,Chicken Quesadilla Special,546,32,45,28,Mexican